<ImportExportXml version="9.2.23034.208" SolutionPackageVersion="9.2" languagecode="1041" generatedBy="CrmLive" xmlns:xsi="http://www.w3.org/2001/XMLSchema-instance">
  <SolutionManifest>
    <UniqueName>GovernmentCommonCDMJapan</UniqueName>
    <LocalizedNames>
      <LocalizedName description="Government Common CDM Japan" languagecode="1041" />
    </LocalizedNames>
    <Descriptions />
    <Version>1.0.0.1</Version>
    <Managed>0</Managed>
    <Publisher>
      <UniqueName>microsoftdynamics365governmentJapan</UniqueName>
      <LocalizedNames>
        <LocalizedName description="Microsoft Dynamics 365 Government Japan" languagecode="1041" />
      </LocalizedNames>
      <Descriptions />
      <EMailAddress xsi:nil="true"></EMailAddress>
      <SupportingWebsiteUrl xsi:nil="true"></SupportingWebsiteUrl>
      <CustomizationPrefix>gif</CustomizationPrefix>
      <CustomizationOptionValuePrefix>80564</CustomizationOptionValuePrefix>
      <Addresses>
        <Address>
          <AddressNumber>1</AddressNumber>
          <AddressTypeCode>1</AddressTypeCode>
          <City xsi:nil="true"></City>
          <County xsi:nil="true"></County>
          <Country xsi:nil="true"></Country>
          <Fax xsi:nil="true"></Fax>
          <FreightTermsCode xsi:nil="true"></FreightTermsCode>
          <ImportSequenceNumber xsi:nil="true"></ImportSequenceNumber>
          <Latitude xsi:nil="true"></Latitude>
          <Line1 xsi:nil="true"></Line1>
          <Line2 xsi:nil="true"></Line2>
          <Line3 xsi:nil="true"></Line3>
          <Longitude xsi:nil="true"></Longitude>
          <Name xsi:nil="true"></Name>
          <PostalCode xsi:nil="true"></PostalCode>
          <PostOfficeBox xsi:nil="true"></PostOfficeBox>
          <PrimaryContactName xsi:nil="true"></PrimaryContactName>
          <ShippingMethodCode>1</ShippingMethodCode>
          <StateOrProvince xsi:nil="true"></StateOrProvince>
          <Telephone1 xsi:nil="true"></Telephone1>
          <Telephone2 xsi:nil="true"></Telephone2>
          <Telephone3 xsi:nil="true"></Telephone3>
          <TimeZoneRuleVersionNumber xsi:nil="true"></TimeZoneRuleVersionNumber>
          <UPSZone xsi:nil="true"></UPSZone>
          <UTCOffset xsi:nil="true"></UTCOffset>
          <UTCConversionTimeZoneCode xsi:nil="true"></UTCConversionTimeZoneCode>
        </Address>
        <Address>
          <AddressNumber>2</AddressNumber>
          <AddressTypeCode>1</AddressTypeCode>
          <City xsi:nil="true"></City>
          <County xsi:nil="true"></County>
          <Country xsi:nil="true"></Country>
          <Fax xsi:nil="true"></Fax>
          <FreightTermsCode xsi:nil="true"></FreightTermsCode>
          <ImportSequenceNumber xsi:nil="true"></ImportSequenceNumber>
          <Latitude xsi:nil="true"></Latitude>
          <Line1 xsi:nil="true"></Line1>
          <Line2 xsi:nil="true"></Line2>
          <Line3 xsi:nil="true"></Line3>
          <Longitude xsi:nil="true"></Longitude>
          <Name xsi:nil="true"></Name>
          <PostalCode xsi:nil="true"></PostalCode>
          <PostOfficeBox xsi:nil="true"></PostOfficeBox>
          <PrimaryContactName xsi:nil="true"></PrimaryContactName>
          <ShippingMethodCode>1</ShippingMethodCode>
          <StateOrProvince xsi:nil="true"></StateOrProvince>
          <Telephone1 xsi:nil="true"></Telephone1>
          <Telephone2 xsi:nil="true"></Telephone2>
          <Telephone3 xsi:nil="true"></Telephone3>
          <TimeZoneRuleVersionNumber xsi:nil="true"></TimeZoneRuleVersionNumber>
          <UPSZone xsi:nil="true"></UPSZone>
          <UTCOffset xsi:nil="true"></UTCOffset>
          <UTCConversionTimeZoneCode xsi:nil="true"></UTCConversionTimeZoneCode>
        </Address>
      </Addresses>
    </Publisher>
    <RootComponents>
      <RootComponent type="1" schemaName="account" behavior="1" />
      <RootComponent type="1" schemaName="contact" behavior="1" />
      <RootComponent type="1" schemaName="gif_accessibility_datamodel" behavior="0" />
      <RootComponent type="1" schemaName="gif_address_datamodel" behavior="0" />
      <RootComponent type="1" schemaName="gif_buildingusage_datamodel" behavior="0" />
      <RootComponent type="1" schemaName="gif_building_datamodel" behavior="0" />
      <RootComponent type="1" schemaName="gif_businessplace_datamodel" behavior="0" />
      <RootComponent type="1" schemaName="gif_childcareservice_datamodel" behavior="0" />
      <RootComponent type="1" schemaName="gif_codeinformationmodel_datamodel" behavior="0" />
      <RootComponent type="1" schemaName="gif_contactpointforfacility_datamodel" behavior="0" />
      <RootComponent type="1" schemaName="gif_contactpointforlegalentity_datamodel" behavior="0" />
      <RootComponent type="1" schemaName="gif_contactpointforperson_datamodel" behavior="0" />
      <RootComponent type="1" schemaName="gif_contactpoint_datamodel" behavior="0" />
      <RootComponent type="1" schemaName="gif_equipment_datamodel" behavior="0" />
      <RootComponent type="1" schemaName="gif_event_datamodel" behavior="0" />
      <RootComponent type="1" schemaName="gif_facility_datamodel" behavior="0" />
      <RootComponent type="1" schemaName="gif_idinformationmodel_datamodel" behavior="0" />
      <RootComponent type="1" schemaName="gif_landusage_datamodel" behavior="0" />
      <RootComponent type="1" schemaName="gif_land_datamodel" behavior="0" />
      <RootComponent type="1" schemaName="gif_personremarksinformation_datamodel" behavior="0" />
      <RootComponent type="1" schemaName="gif_relatedfacility_datamodel" behavior="0" />
      <RootComponent type="1" schemaName="gif_roleinformationmodel_datamodel" behavior="0" />
      <RootComponent type="62" schemaName="gif_GovernmentInteroperabilityFramework" behavior="0" />
      <RootComponent type="80" schemaName="gif_GovernmentInteroperabilityFramework" behavior="0" />
    </RootComponents>
    <MissingDependencies>
      <MissingDependency>
        <Required type="60" displayName="情報" parentDisplayName="個人" solution="msdynce_AppCommon (9.0.4.0066)" id="{bc0f68dd-a4b1-4a8f-bed3-c8f5db2f89cf}" />
        <Dependent type="60" displayName="情報" parentDisplayName="個人" id="{bc0f68dd-a4b1-4a8f-bed3-c8f5db2f89cf}" />
      </MissingDependency>
      <MissingDependency>
        <Required type="61" schemaName="msdyn_/Images/AppModule_Default_Icon.png" displayName="msdyn_/Images/AppModule_Default_Icon.png" solution="AppModuleWebResources (2.5)" />
        <Dependent type="80" schemaName="gif_GovernmentInteroperabilityFramework" displayName="政府相互運用性フレームワーク（GIF）" />
      </MissingDependency>
    </MissingDependencies>
  </SolutionManifest>
</ImportExportXml>